{"cameraMode":{"drawMode":0,"name":"Shaded","section":"Shading Mode"},"sceneLighting":true,"audioPlay":false,"sceneViewState":{"m_AlwaysRefresh":false,"showFog":true,"showSkybox":true,"showFlares":true,"showImageEffects":true,"showParticleSystems":true,"showVisualEffectGraphs":true,"m_FxEnabled":true},"in2DMode":false,"pivot":{"x":0.24502038955688477,"y":1.7346785068511963,"z":0.6516144275665283},"rotation":{"x":0.2671877443790436,"y":-0.3579660654067993,"z":0.10771488398313523,"w":0.8882346749305725},"size":1.9154034852981568,"orthographic":false}